,BASENAME,e1,e2,time_1000_nm,average_dwell_time
0,20241015-135643.9310850_WT_multichannel_aligned_drift_corrected.tif,1760.983423785453,817.3058343585251,283.9322581045015,3.027834699453552
