,BASENAME,e1,e2,time_1000_nm,average_dwell_time
0,20241015-135643.9310850_WT_multichannel_aligned_drift_corrected.tif,2741.943500518799,904.5087547302246,182.3524080293397,3.027834699453552
